model,test_accuracy,test_f1,test_precision,test_recall,best_params,cv_best_score
logreg,0.7366926898509581,0.6155440414507772,0.5025380710659898,0.7941176470588235,"{'penalty': 'l2', 'l1_ratio': 1, 'C': np.float64(1.623776739188721)}",0.7838521769321937
gb,0.7771469127040455,0.6005089058524173,0.5728155339805825,0.6310160427807486,"{'n_estimators': 200, 'max_depth': 5, 'learning_rate': 0.05}",0.8589959953181661
svc,0.758694109297374,0.5933014354066986,0.5367965367965368,0.6631016042780749,"{'kernel': 'rbf', 'gamma': 'scale', 'C': 10}",0.8383295521610274
xgb,0.7806955287437899,0.590728476821192,0.5853018372703412,0.5962566844919787,"{'subsample': 0.8, 'n_estimators': 200, 'max_depth': 8, 'learning_rate': 0.05}",0.8607811557052373
rf,0.7750177430801988,0.5767690253671562,0.576,0.5775401069518716,"{'n_estimators': 200, 'min_samples_split': 2, 'max_depth': 20}",0.8565085522565629
